{"cameraMode":{"drawMode":0,"name":"Shaded","section":"Shading Mode"},"sceneLighting":true,"audioPlay":false,"sceneViewState":{"showFog":true,"showMaterialUpdate":false,"showSkybox":true,"showFlares":true,"showImageEffects":true,"showParticleSystems":true},"in2DMode":false,"pivot":{"x":0.7392962574958801,"y":0.5568791627883911,"z":0.5089442729949951},"rotation":{"x":-0.16164588928222657,"y":-0.6633755564689636,"z":0.14994847774505616,"w":-0.7150830030441284},"size":1.54465651512146,"orthographic":false}